IID	Finding Type	Notes	Called in 100X	Called in 80X	Called in 60X	Called in 30X
IID_H156409_T01_01_WG01	Rearrangement	TP53		True	True	True
IID_H136641_T01_01_WG01	Rearrangement	TP53		True	True	True
IID_H158273_T01_01_WG01	Rearrangement	TP53	True	True	True	True
IID_H159369_T01_01_WG01	Rearrangement	DLG2	True	True	True	True
IID_H158919_T01_01_WG01	Rearrangement	RB1	True	True	True	True
IID_H134738_T07_01_WG01	Rearrangement	ATRX		True	True	True
IID_H158273_T01_01_WG01	Rearrangement	DLG2	True	True	True	True
IID_H159153_T01_01_WG01	Rearrangement	TP53	True	True	True	True
I-H-135990-T1-1-D1-1	Rearrangement	DLG2	True	True	True	True
IID_H158919_T01_01_WG01	Rearrangement	ATRX	True	True	True	True
IID_H195992_T02_01_WG01	Rearrangement	TP53		True	True	True
IID_H196231_T01_01_WG01	Rearrangement	BCOR	True	True	True	True
IID_H134738_T07_01_WG01	Rearrangement	DLG2		True	True	True
IID_H158916_T01_01_WG01	Rearrangement	DLG2		True	True	True
IID_H195992_T02_01_WG01	Rearrangement	DLG2		True	True	True
IID_H156409_T01_01_WG01	Rearrangement	DLG2		True	True	True
IID_H158183_T01_01_WG01	Rearrangement	TERT		True	True	True
I-H-136139-T1-1-D1-1	Rearrangement	DLG2		True	True	True
I-H-135387-T1-1-D1-1	Rearrangement	ATRX	True	True	True	True
IID_H196046_T01_01_WG01	Rearrangement	TP53		True	True	True
IID_H195991_T01_01_WG01	Rearrangement	DLG2		True	True	True
IID_H158493_T01_01_WG01	Rearrangement	ATRX		True	True	True
I-H-134753-T1-1-D1-1	Rearrangement	MGA,CHP1	True	True	True	True
I-H-136428-T1-1-D1-1	Rearrangement	TP53	True	True	True	True
IID_H134738_T07_01_WG01	Rearrangement	RB1		True	True	True
IID_H158151_T01_01_WG01	Rearrangement	DLG2		True	True	True
IID_H136648_T01_01_WG01	Rearrangement	TERT	True	True	True	True
I-H-108333-T2-2-D1-1	Rearrangement	TERT	True	True	True	True
I-H-136425-T1-1-D1-1	Rearrangement	TERT	True	True	True	True
IID_H196095_T01_01_WG01	Rearrangement	TERT		True	True	True
I-H-135967-T1-2-D1-1	Rearrangement	ATRX	True	True	True	True
IID_H159446_T01_01_WG01	Rearrangement	TERT	True	True	True	True
I-H-135387-T1-1-D1-1	Rearrangement	TP53	True	True	True	True
IID_H136433_T07_01_WG01	Rearrangement	DLG2		True	True	True
I-H-134733-T3-2-D1-1	Rearrangement	DLG2			True	True
IID_H136641_T01_01_WG01	Rearrangement	DLG2		True	True	False
IID_H159153_T01_01_WG01	Rearrangement	DLG2	True	True	True	False
IID_H158183_T01_01_WG01	Rearrangement	ARID1B		True	True	False
IID_H159153_T01_01_WG01	Rearrangement	ATRX	True	True	True	True
IID_H158151_T01_01_WG01	Rearrangement	ATRX		True	True	False
I-H-134733-T3-2-D1-1	Rearrangement	TP53			True	False
I-H-134733-T3-2-D1-1	Rearrangement	ATRX			True	False
I-H-135463-T1-2-D1-1	Rearrangement	ATRX		True	True	False
I-H-133672-T1-2-D1-1	Fusion	EPC2,AFF3	True	True	True	True
I-H-135066-T1-1-D1-1	Fusion	SH3PXD2A,HTRA1		True	True	True
IID_H134768_T02_01_WG01	Fusion	PAX3,FOXO3		True	True	True
IID_H156418_T01_01_WG01	Fusion	NTRK3,SLMAP	True	True	True	True
I-H-135459-T1-2-D1-1	Fusion	CITED2,MGA		True	True	True
I-H-134756-T1-1-D1-1	Fusion	MAN1A2,ACBD6		True	True	True
I-H-108333-T2-2-D1-1	Fusion	NUTM1,MGA	True	True	True	True
I-H-135022-T1-2-D1-1	TMB	2.9751724137931035,2.7	True	True	True	True
I-H-135466-T1-2-D1-1	TMB	37.27103448275862,11.233333333333333		True	True	True
IID_H195923_T01_01_WG01	TMB	10.786551724137931,5.5		True	True	False
IID_H195989_T01_01_WG01	SNV	SETBP1 HS Mutation	True	True	True	True
I-H-133671-T1-2-D1-1	IMPACT Small Mutation	X:123164962		True	True	True
I-H-136136-T1-1-D1-1	IMPACT Small Mutation	17:7577538	True	True	True	True
I-H-134202-T1-2-D1-1	IMPACT Small Mutation	17:29556079			True	True
I-H-133671-T1-2-D1-1	IMPACT Small Mutation	X:39922927		True	True	True
I-H-136136-T1-1-D1-1	IMPACT Small Mutation	7:148513811	True	True	True	True
IID_H196095_T01_01_WG01	IMPACT Small Mutation	1:27059188		True	True	True
IID_H158223_T01_01_WG01	IMPACT Small Mutation	13:48947560		True	True	True
IID_H196231_T01_01_WG01	IMPACT Small Mutation	X:47038826	True	True	True	True
IID_H134738_T07_01_WG01	IMPACT Small Mutation	17:7577114		True	True	True
IID_H159370_T01_01_WG01	IMPACT Small Mutation	17:7577538	True	True	True	True
I-H-135990-T1-1-D1-1	IMPACT Small Mutation	17:7577108	True	True	True	True
IID_H135462_T02_01_WG01	IMPACT Small Mutation	3:149374828	True	True	True	True
IID_H159369_T01_01_WG01	IMPACT Small Mutation	17:7574003	True	True	True	True
IID_H195923_T01_01_WG01	IMPACT Small Mutation	17:7578413		True	True	True
IID_H136433_T07_01_WG01	IMPACT Small Mutation	17:7578413		True	True	True
IID_H158493_T01_01_WG01	IMPACT Small Mutation	17:7577022		True	True	True
IID_H195920_T02_01_WG01	IMPACT Small Mutation	X:20156731	True	True	True	True
I-H-136139-T1-1-D1-1	IMPACT Small Mutation	6:106552922		True	True	True
IID_H158916_T01_01_WG01	IMPACT Small Mutation	17:7577511		True	True	True
I-H-135990-T1-1-D1-1	IMPACT Small Mutation	5:1295228	True	True	True	True
IID_H195916_T01_01_WG01	IMPACT Small Mutation	12:25398284		True	True	True
IID_H158223_T01_01_WG01	IMPACT Small Mutation	22:24134069		True	True	True
IID_H159103_T01_01_WG01	IMPACT Small Mutation	2:29436859	True	True	True	True
I-H-133672-T1-2-D1-1	IMPACT Small Mutation	17:29663442	True	True	True	True
I-H-135967-T1-2-D1-1	IMPACT Small Mutation	17:7577120	True	True	True	True
I-H-135420-T1-2-D1-1	IMPACT Small Mutation	5:31421465	True	True	True	True
IID_H196232_T01_01_WG01	IMPACT Small Mutation	11:108106512	True	True	True	True
I-H-133672-T1-2-D1-1	IMPACT Small Mutation	9:133738201	True	True	True	True
IID_H159103_T01_01_WG01	IMPACT Small Mutation	5:1295228	True	True	True	True
IID_H159446_T01_01_WG01	IMPACT Small Mutation	4:66286182	True	True	True	True
IID_H158918_T01_01_WG01	IMPACT Small Mutation	3:41266107		True	True	True
IID_H158182_T01_01_WG01	IMPACT Small Mutation	16:3828699	True	True	True	True
IID_H196231_T01_01_WG01	IMPACT Small Mutation	13:48939053	True	True	True	True
IID_H195921_T01_01_WG01	IMPACT Small Mutation	17:7578508		True	True	True
IID_H158182_T01_01_WG01	IMPACT Small Mutation	19:11097144	True	True	True	True
IID_H158182_T01_01_WG01	IMPACT Small Mutation	9:139399344	True	True	True	True
I-H-133674-T1-2-D1-1	IMPACT Small Mutation	3:41266103	True	True	True	True
IID_H195922_T01_01_WG01	IMPACT Small Mutation	7:50468213		True	True	True
IID_H158180_T01_01_WG01	IMPACT Small Mutation	19:11141517		True	True	True
I-H-136425-T1-1-D1-1	IMPACT Small Mutation	17:16004577	True	True	True	True
IID_H158223_T01_01_WG01	IMPACT Small Mutation	12:46243404		True	True	True
IID_H136632_T01_01_WG01	IMPACT Small Mutation	X:76890106	True	True	True	True
IID_H136640_T01_01_WG01	IMPACT Small Mutation	19:15285105		True	True	True
I-H-135963-T2-2-D1-1	IMPACT Small Mutation	12:18656255		True	True	True
I-H-133674-T1-2-D1-1	IMPACT Small Mutation	19:10277303	True	True	True	True
I-H-133672-T1-2-D1-1	IMPACT Small Mutation	16:72991902	True	True	True	True
I-H-135466-T1-2-D1-1	IMPACT Small Mutation	12:49425106	True	True	True	True
IID_H196231_T01_01_WG01	IMPACT Small Mutation	11:71940967	True	True	True	True
I-H-133673-T2-1-D1-1	IMPACT Small Mutation	6:117677952	True	True	True	True
I-H-136375-T1-1-D1-1	IMPACT Small Mutation	17:7577498	True	True	True	True
I-H-135088-T1-2-D1-1	IMPACT Small Mutation	13:32914127		True	True	True
I-H-136139-T1-1-D1-1	IMPACT Small Mutation	6:137519380		True	True	True
IID_H196232_T01_01_WG01	IMPACT Small Mutation	13:48954337	True	True	True	True
I-H-135466-T1-2-D1-1	IMPACT Small Mutation	16:81979830	True	True	True	True
I-H-135466-T1-2-D1-1	IMPACT Small Mutation	17:7578443	True	True	True	True
I-H-135467-T1-2-D1-1	IMPACT Small Mutation	2:29432664	True	True	True	True
IID_H195916_T01_01_WG01	IMPACT Small Mutation	17:7577539		True	True	True
IID_H196232_T01_01_WG01	IMPACT Small Mutation	X:70360646	True	True	True	True
IID_H136633_T01_01_WG01	IMPACT Small Mutation	2:178098953	True	True	True	True
I-H-136375-T1-1-D1-1	IMPACT Small Mutation	16:72821283	True	True	True	True
IID_H158273_T01_01_WG01	IMPACT Small Mutation	16:2127672	True	True	True	True
I-H-134202-T1-2-D1-1	IMPACT Small Mutation	6:157470066			True	True
I-H-133673-T2-1-D1-1	IMPACT Small Mutation	9:139397637	True	True	True	True
IID_H158273_T01_01_WG01	IMPACT Small Mutation	X:76938358	True	True	True	True
I-H-135990-T1-1-D1-1	IMPACT Small Mutation	1:11303212	True	True	True	True
IID_H136648_T01_01_WG01	IMPACT Small Mutation	12:25378647	True	True	True	True
IID_H134738_T07_01_WG01	IMPACT Small Mutation	8:55371939		True	True	True
IID_H135462_T02_01_WG01	IMPACT Small Mutation	7:6426879	True	True	True	True
I-H-135466-T1-2-D1-1	IMPACT Small Mutation	12:46285857	True	True	True	True
I-H-136425-T1-1-D1-1	IMPACT Small Mutation	1:115256529	True	True	True	True
IID_H159446_T01_01_WG01	IMPACT Small Mutation	4:41747902	True	True	True	True
I-H-135990-T1-1-D1-1	IMPACT Small Mutation	20:9543654	True	True	True	True
IID_H158183_T01_01_WG01	IMPACT Small Mutation	16:2131685		True	True	True
IID_H159370_T01_01_WG01	IMPACT Small Mutation	8:90965531		True	True	True
IID_H158919_T01_01_WG01	IMPACT Small Mutation	6:117708102	True	True	True	True
IID_H196231_T01_01_WG01	IMPACT Small Mutation	15:42003414	True	True	True	True
IID_H159446_T01_01_WG01	IMPACT Small Mutation	14:30132948	True	True	True	True
IID_H159446_T01_01_WG01	IMPACT Small Mutation	1:115273268	True	True	True	True
I-H-133675-T1-2-D1-1	IMPACT Small Mutation	4:55561764	True	True	True	True
IID_H195922_T01_01_WG01	IMPACT Small Mutation	2:158636934		True	True	True
IID_H156407_T01_01_WG01	IMPACT Small Mutation	15:43714198	True	True	True	True
I-H-135466-T1-2-D1-1	IMPACT Small Mutation	12:49431721	True	True	True	True
I-H-133673-T2-1-D1-1	IMPACT Small Mutation	16:3808875	True	True	True	True
I-H-134753-T1-1-D1-1	IMPACT Small Mutation	22:24176339	True	True	True	True
I-H-135088-T1-2-D1-1	IMPACT Small Mutation	2:29443695		True	True	True
I-H-133672-T1-2-D1-1	IMPACT Small Mutation	17:29665752	True	True	True	True
I-H-135073-T1-2-D1-1	IMPACT Small Mutation	11:108186757	True	True	True	True
IID_H136631_T01_01_WG01	IMPACT Small Mutation	22:24145588		True	True	True
IID_H196227_T01_01_WG01	IMPACT Small Mutation	16:72831869		True	True	True
IID_H196231_T01_01_WG01	IMPACT Small Mutation	8:70980609	True	True	True	True
IID_H195922_T01_01_WG01	IMPACT Small Mutation	6:117717425		True	True	True
I-H-135387-T1-1-D1-1	IMPACT Small Mutation	8:90976730	True	True	True	True
I-H-136139-T1-1-D1-1	IMPACT Small Mutation	17:55693391		True	True	True
IID_H195922_T01_01_WG01	IMPACT Small Mutation	17:78796972		True	True	True
I-H-135089-T1-2-D1-1	IMPACT Small Mutation	X:76875919	True	True	True	True
I-H-136139-T1-1-D1-1	IMPACT Small Mutation	3:138426003		True	True	True
I-H-134753-T1-1-D1-1	IMPACT Small Mutation	X:63411096	True	True	True	True
IID_H135462_T02_01_WG01	IMPACT Small Mutation	12:56495808	True	True	True	True
IID_H196231_T01_01_WG01	IMPACT Small Mutation	19:1220446	True	True	True	True
IID_H158184_T01_01_WG01	IMPACT Small Mutation	16:3779748		True	True	True
IID_H195922_T01_01_WG01	IMPACT Small Mutation	20:62326263		True	True	True
IID_H135462_T02_01_WG01	IMPACT Small Mutation	5:86676324	True	True	True	True
IID_H136633_T01_01_WG01	IMPACT Small Mutation	3:41266088	True	True	True	True
IID_H195989_T01_01_WG01	IMPACT Small Mutation	17:58740498	True	True	True	True
IID_H158919_T01_01_WG01	IMPACT Small Mutation	2:202149589	True	True	True	True
IID_H195922_T01_01_WG01	IMPACT Small Mutation	12:49432516		True	True	True
I-H-135421-T1-2-D1-1	IMPACT Small Mutation	20:39751865	True	True	True	True
IID_H158223_T01_01_WG01	IMPACT Small Mutation	17:59770862		True	True	True
IID_H195991_T01_01_WG01	IMPACT Small Mutation	1:45805944		True	True	True
IID_H195990_T01_01_WG01	IMPACT Small Mutation	X:76875985		True	True	True
IID_H195990_T01_01_WG01	IMPACT Small Mutation	11:85988128		True	True	True
I-H-108333-T2-2-D1-1	IMPACT Small Mutation	3:178917478	True	True	True	True
IID_H195922_T01_01_WG01	IMPACT Small Mutation	12:417167		True	True	True
IID_H134738_T07_01_WG01	IMPACT Small Mutation	20:40899060		True	True	True
IID_H195922_T01_01_WG01	IMPACT Small Mutation	12:12871133		True	True	True
I-H-135463-T1-2-D1-1	IMPACT Small Mutation	1:120458453		True	True	True
IID_H196046_T01_01_WG01	IMPACT Small Mutation	X:76875980		True	True	True
I-H-135073-T1-2-D1-1	IMPACT Small Mutation	2:16085893	True	True	True	True
IID_H134738_T07_01_WG01	IMPACT Small Mutation	6:138192627		True	True	True
IID_H195922_T01_01_WG01	IMPACT Small Mutation	17:56772478		True	True	True
I-H-134753-T1-1-D1-1	IMPACT Small Mutation	13:21563088	True	True	True	True
IID_H195922_T01_01_WG01	IMPACT Small Mutation	4:55161291		True	True	True
IID_H135462_T02_01_WG01	IMPACT Small Mutation	4:55573382	True	True	True	True
IID_H195991_T01_01_WG01	IMPACT Small Mutation	6:29910765		True	True	True
IID_H135462_T02_01_WG01	IMPACT Small Mutation	X:70344845	True	True	True	True
IID_H195992_T02_01_WG01	IMPACT Small Mutation	9:139564069		True	True	True
I-H-135463-T1-2-D1-1	IMPACT Small Mutation	9:139400176		True	True	True
IID_H135462_T02_01_WG01	IMPACT Small Mutation	4:106155964	True	True	True	True
I-H-135089-T1-2-D1-1	IMPACT Small Mutation	19:5244134	True	True	True	True
I-H-135089-T1-2-D1-1	IMPACT Small Mutation	7:140481402	True	True	True	True
IID_H195991_T01_01_WG01	IMPACT Small Mutation	X:123040996		True	True	True
IID_H195991_T01_01_WG01	IMPACT Small Mutation	4:55971014		True	True	True
IID_H195923_T01_01_WG01	IMPACT Small Mutation	2:48018171			True	True
I-H-136134-T1-1-D1-1	IMPACT Small Mutation	2:39278406	True	True	True	True
IID_H195922_T01_01_WG01	IMPACT Small Mutation	12:49435156		True	True	True
I-H-135074-T1-2-D1-1	IMPACT Small Mutation	9:36840564		True	True	True
I-H-135074-T1-2-D1-1	IMPACT Small Mutation	1:117699439		True	True	True
IID_H135462_T02_01_WG01	IMPACT Small Mutation	X:70344991	True	True	True	True
I-H-134753-T1-1-D1-1	IMPACT Small Mutation	X:76920147	True	True	True	True
I-H-136062-T1-1-D1-1	IMPACT Small Mutation	5:1295170		True	True	True
IID_H158917_T01_01_WG01	IMPACT Small Mutation	19:18271322	True	True	True	True
IID_H195923_T01_01_WG01	IMPACT Small Mutation	1:9776030			True	True
IID_H195923_T01_01_WG01	IMPACT Small Mutation	16:9858232			True	True
I-H-135066-T1-1-D1-1	IMPACT Small Mutation	22:24145576		True	True	True
IID_H195923_T01_01_WG01	IMPACT Small Mutation	3:128204947			True	True
I-H-134733-T3-2-D1-1	IMPACT Small Mutation	19:15383847			True	True
I-H-136134-T1-1-D1-1	IMPACT Small Mutation	3:72864500	True	True	True	True
IID_H136433_T07_01_WG01	IMPACT Small Mutation	14:95560466		True	True	True
I-H-135088-T1-2-D1-1	IMPACT Small Mutation	19:36224189		True	True	True
IID_H135462_T02_01_WG01	IMPACT Small Mutation	22:29091782	True	True	True	True
I-H-135074-T1-2-D1-1	IMPACT Small Mutation	19:15355374		True	True	False
I-H-135062-T1-1-D1-1	IMPACT Small Mutation	6:157099403		True	True	True
IID_H135462_T02_01_WG01	IMPACT Small Mutation	16:23649216	True	True	True	True
IID_H159370_T01_01_WG01	IMPACT Small Mutation	4:55127295		True	True	True
I-H-136083-T1-2-D1-1	IMPACT Small Mutation	1:9784902		True	True	True
IID_H156407_T01_01_WG01	IMPACT Small Mutation	X:70356748	True	True	True	True
IID_H159153_T01_01_WG01	IMPACT Small Mutation	20:62321727	True	True	True	False
IID_H195922_T01_01_WG01	IMPACT Small Mutation	1:9783216		True	True	False
IID_H156409_T01_01_WG01	IMPACT Small Mutation	16:3778737		True	True	False
IID_H135462_T02_01_WG01	IMPACT Small Mutation	16:3779700	True	True	False	False
IID_H136631_T01_01_WG01	IMPACT Small Mutation	6:106553090		True	False	False
IID_H135462_T02_01_WG01	IMPACT Small Mutation	12:49448692	True	True	True	True
I-H-136424-T1-1-D1-1	IMPACT Small Mutation	17:78897301	True	False	False	False
I-H-135463-T1-2-D1-1	IMPACT Small Mutation	4:66356429		True	True	False
I-H-133675-T1-2-D1-1	IMPACT Small Mutation	17:7577145	False	False	False	False
IID_H136631_T01_01_WG01	IMPACT Small Mutation	16:3658506		True	True	False
