IID	Finding Type	Notes	Called in 100X	Called in 80X	Called in 60X	Called in 30X
IID_H156409_T01_01_WG01	Rearrangement	TP53		TRUE	TRUE	TRUE
IID_H136641_T01_01_WG01	Rearrangement	TP53		TRUE	TRUE	TRUE
IID_H158273_T01_01_WG01	Rearrangement	TP53	TRUE	TRUE	TRUE	TRUE
IID_H159369_T01_01_WG01	Rearrangement	DLG2	TRUE	TRUE	TRUE	TRUE
IID_H158919_T01_01_WG01	Rearrangement	RB1	TRUE	TRUE	TRUE	TRUE
IID_H134738_T07_01_WG01	Rearrangement	ATRX		TRUE	TRUE	TRUE
IID_H158273_T01_01_WG01	Rearrangement	DLG2	TRUE	TRUE	TRUE	TRUE
IID_H159153_T01_01_WG01	Rearrangement	TP53	TRUE	TRUE	TRUE	TRUE
I-H-135990-T1-1-D1-1	Rearrangement	DLG2	TRUE	TRUE	TRUE	TRUE
IID_H158919_T01_01_WG01	Rearrangement	ATRX	TRUE	TRUE	TRUE	TRUE
IID_H195992_T02_01_WG01	Rearrangement	TP53		TRUE	TRUE	TRUE
IID_H196231_T01_01_WG01	Rearrangement	BCOR	TRUE	TRUE	TRUE	TRUE
IID_H134738_T07_01_WG01	Rearrangement	DLG2		TRUE	TRUE	TRUE
IID_H158916_T01_01_WG01	Rearrangement	DLG2		TRUE	TRUE	TRUE
IID_H195992_T02_01_WG01	Rearrangement	DLG2		TRUE	TRUE	TRUE
IID_H156409_T01_01_WG01	Rearrangement	DLG2		TRUE	TRUE	TRUE
IID_H158183_T01_01_WG01	Rearrangement	TERT		TRUE	TRUE	TRUE
I-H-136139-T1-1-D1-1	Rearrangement	DLG2		TRUE	TRUE	TRUE
I-H-135387-T1-1-D1-1	Rearrangement	ATRX	TRUE	TRUE	TRUE	TRUE
IID_H196046_T01_01_WG01	Rearrangement	TP53		TRUE	TRUE	TRUE
IID_H195991_T01_01_WG01	Rearrangement	DLG2		TRUE	TRUE	TRUE
IID_H158493_T01_01_WG01	Rearrangement	ATRX		TRUE	TRUE	TRUE
I-H-134753-T1-1-D1-1	Rearrangement	"MGA,CHP1"	TRUE	TRUE	TRUE	TRUE
I-H-136428-T1-1-D1-1	Rearrangement	TP53	TRUE	TRUE	TRUE	TRUE
IID_H134738_T07_01_WG01	Rearrangement	RB1		TRUE	TRUE	TRUE
IID_H158151_T01_01_WG01	Rearrangement	DLG2		TRUE	TRUE	TRUE
IID_H136648_T01_01_WG01	Rearrangement	TERT	TRUE	TRUE	TRUE	TRUE
I-H-108333-T2-2-D1-1	Rearrangement	TERT	TRUE	TRUE	TRUE	TRUE
I-H-136425-T1-1-D1-1	Rearrangement	TERT	TRUE	TRUE	TRUE	TRUE
IID_H196095_T01_01_WG01	Rearrangement	TERT		TRUE	TRUE	TRUE
I-H-135967-T1-2-D1-1	Rearrangement	ATRX	TRUE	TRUE	TRUE	TRUE
IID_H159446_T01_01_WG01	Rearrangement	TERT	TRUE	TRUE	TRUE	TRUE
I-H-135387-T1-1-D1-1	Rearrangement	TP53	TRUE	TRUE	TRUE	TRUE
IID_H136433_T07_01_WG01	Rearrangement	DLG2		TRUE	TRUE	TRUE
I-H-134733-T3-2-D1-1	Rearrangement	DLG2			TRUE	TRUE
IID_H135462_T02_01_WG01	Rearrangement	KRAS	TRUE	TRUE	TRUE	TRUE
IID_H195916_T01_01_WG01	Rearrangement	KRAS		TRUE	TRUE	TRUE
IID_H136641_T01_01_WG01	Rearrangement	DLG2		TRUE	TRUE	FALSE
IID_H159153_T01_01_WG01	Rearrangement	DLG2	TRUE	TRUE	TRUE	FALSE
IID_H158183_T01_01_WG01	Rearrangement	ARID1B		TRUE	TRUE	FALSE
IID_H159153_T01_01_WG01	Rearrangement	ATRX	TRUE	TRUE	TRUE	TRUE
IID_H158151_T01_01_WG01	Rearrangement	ATRX		TRUE	TRUE	FALSE
I-H-134733-T3-2-D1-1	Rearrangement	TP53			TRUE	FALSE
I-H-134733-T3-2-D1-1	Rearrangement	ATRX			TRUE	FALSE
I-H-135463-T1-2-D1-1	Rearrangement	ATRX		TRUE	TRUE	FALSE
I-H-133672-T1-2-D1-1	Fusion	"EPC2,AFF3"	TRUE	TRUE	TRUE	TRUE
I-H-135066-T1-1-D1-1	Fusion	"SH3PXD2A,HTRA1"		TRUE	TRUE	TRUE
IID_H134768_T02_01_WG01	Fusion	"PAX3,FOXO3"		TRUE	TRUE	TRUE
IID_H156418_T01_01_WG01	Fusion	"NTRK3,SLMAP"	TRUE	TRUE	TRUE	TRUE
I-H-135459-T1-2-D1-1	Fusion	"CITED2,MGA"		TRUE	TRUE	TRUE
I-H-134756-T1-1-D1-1	Fusion	"MAN1A2,ACBD6"		TRUE	TRUE	TRUE
I-H-108333-T2-2-D1-1	Fusion	"NUTM1,MGA"	TRUE	TRUE	TRUE	TRUE
I-H-135022-T1-2-D1-1	TMB	"2.9751724137931035,2.7"	TRUE	TRUE	TRUE	TRUE
I-H-135466-T1-2-D1-1	TMB	"37.27103448275862,11.233333333333333"		TRUE	TRUE	TRUE
IID_H195923_T01_01_WG01	TMB	"10.786551724137931,5.5"		TRUE	TRUE	FALSE
IID_H195989_T01_01_WG01	SNV	SETBP1 HS Mutation	TRUE	TRUE	TRUE	TRUE
I-H-133671-T1-2-D1-1	IMPACT Small Mutation	X:123164962		TRUE	TRUE	TRUE
I-H-136136-T1-1-D1-1	IMPACT Small Mutation	17:7577538	TRUE	TRUE	TRUE	TRUE
I-H-134202-T1-2-D1-1	IMPACT Small Mutation	17:29556079			TRUE	TRUE
I-H-133671-T1-2-D1-1	IMPACT Small Mutation	X:39922927		TRUE	TRUE	TRUE
I-H-136136-T1-1-D1-1	IMPACT Small Mutation	7:148513811	TRUE	TRUE	TRUE	TRUE
IID_H196095_T01_01_WG01	IMPACT Small Mutation	1:27059188		TRUE	TRUE	TRUE
IID_H158223_T01_01_WG01	IMPACT Small Mutation	13:48947560		TRUE	TRUE	TRUE
IID_H196231_T01_01_WG01	IMPACT Small Mutation	X:47038826	TRUE	TRUE	TRUE	TRUE
IID_H134738_T07_01_WG01	IMPACT Small Mutation	17:7577114		TRUE	TRUE	TRUE
IID_H159370_T01_01_WG01	IMPACT Small Mutation	17:7577538	TRUE	TRUE	TRUE	TRUE
I-H-135990-T1-1-D1-1	IMPACT Small Mutation	17:7577108	TRUE	TRUE	TRUE	TRUE
IID_H135462_T02_01_WG01	IMPACT Small Mutation	3:149374828	TRUE	TRUE	TRUE	TRUE
IID_H159369_T01_01_WG01	IMPACT Small Mutation	17:7574003	TRUE	TRUE	TRUE	TRUE
IID_H195923_T01_01_WG01	IMPACT Small Mutation	17:7578413		TRUE	TRUE	TRUE
IID_H136433_T07_01_WG01	IMPACT Small Mutation	17:7578413		TRUE	TRUE	TRUE
IID_H158493_T01_01_WG01	IMPACT Small Mutation	17:7577022		TRUE	TRUE	TRUE
IID_H195920_T02_01_WG01	IMPACT Small Mutation	X:20156731	TRUE	TRUE	TRUE	TRUE
I-H-136139-T1-1-D1-1	IMPACT Small Mutation	6:106552922		TRUE	TRUE	TRUE
IID_H158916_T01_01_WG01	IMPACT Small Mutation	17:7577511		TRUE	TRUE	TRUE
I-H-135990-T1-1-D1-1	IMPACT Small Mutation	5:1295228	TRUE	TRUE	TRUE	TRUE
IID_H195916_T01_01_WG01	IMPACT Small Mutation	12:25398284		TRUE	TRUE	TRUE
IID_H158223_T01_01_WG01	IMPACT Small Mutation	22:24134069		TRUE	TRUE	TRUE
IID_H159103_T01_01_WG01	IMPACT Small Mutation	2:29436859	TRUE	TRUE	TRUE	TRUE
I-H-133672-T1-2-D1-1	IMPACT Small Mutation	17:29663442	TRUE	TRUE	TRUE	TRUE
I-H-135967-T1-2-D1-1	IMPACT Small Mutation	17:7577120	TRUE	TRUE	TRUE	TRUE
I-H-135420-T1-2-D1-1	IMPACT Small Mutation	5:31421465	TRUE	TRUE	TRUE	TRUE
IID_H196232_T01_01_WG01	IMPACT Small Mutation	11:108106512	TRUE	TRUE	TRUE	TRUE
I-H-133672-T1-2-D1-1	IMPACT Small Mutation	9:133738201	TRUE	TRUE	TRUE	TRUE
IID_H159103_T01_01_WG01	IMPACT Small Mutation	5:1295228	TRUE	TRUE	TRUE	TRUE
IID_H159446_T01_01_WG01	IMPACT Small Mutation	4:66286182	TRUE	TRUE	TRUE	TRUE
IID_H158918_T01_01_WG01	IMPACT Small Mutation	3:41266107		TRUE	TRUE	TRUE
IID_H158182_T01_01_WG01	IMPACT Small Mutation	16:3828699	TRUE	TRUE	TRUE	TRUE
IID_H196231_T01_01_WG01	IMPACT Small Mutation	13:48939053	TRUE	TRUE	TRUE	TRUE
IID_H195921_T01_01_WG01	IMPACT Small Mutation	17:7578508		TRUE	TRUE	TRUE
IID_H158182_T01_01_WG01	IMPACT Small Mutation	19:11097144	TRUE	TRUE	TRUE	TRUE
IID_H158182_T01_01_WG01	IMPACT Small Mutation	9:139399344	TRUE	TRUE	TRUE	TRUE
I-H-133674-T1-2-D1-1	IMPACT Small Mutation	3:41266103	TRUE	TRUE	TRUE	TRUE
IID_H195922_T01_01_WG01	IMPACT Small Mutation	7:50468213		TRUE	TRUE	TRUE
IID_H158180_T01_01_WG01	IMPACT Small Mutation	19:11141517		TRUE	TRUE	TRUE
I-H-136425-T1-1-D1-1	IMPACT Small Mutation	17:16004577	TRUE	TRUE	TRUE	TRUE
IID_H158223_T01_01_WG01	IMPACT Small Mutation	12:46243404		TRUE	TRUE	TRUE
IID_H136632_T01_01_WG01	IMPACT Small Mutation	X:76890106	TRUE	TRUE	TRUE	TRUE
IID_H136640_T01_01_WG01	IMPACT Small Mutation	19:15285105		TRUE	TRUE	TRUE
I-H-135963-T2-2-D1-1	IMPACT Small Mutation	12:18656255		TRUE	TRUE	TRUE
I-H-133674-T1-2-D1-1	IMPACT Small Mutation	19:10277303	TRUE	TRUE	TRUE	TRUE
I-H-133672-T1-2-D1-1	IMPACT Small Mutation	16:72991902	TRUE	TRUE	TRUE	TRUE
I-H-135466-T1-2-D1-1	IMPACT Small Mutation	12:49425106	TRUE	TRUE	TRUE	TRUE
IID_H196231_T01_01_WG01	IMPACT Small Mutation	11:71940967	TRUE	TRUE	TRUE	TRUE
I-H-133673-T2-1-D1-1	IMPACT Small Mutation	6:117677952	TRUE	TRUE	TRUE	TRUE
I-H-136375-T1-1-D1-1	IMPACT Small Mutation	17:7577498	TRUE	TRUE	TRUE	TRUE
I-H-135088-T1-2-D1-1	IMPACT Small Mutation	13:32914127		TRUE	TRUE	TRUE
I-H-136139-T1-1-D1-1	IMPACT Small Mutation	6:137519380		TRUE	TRUE	TRUE
IID_H196232_T01_01_WG01	IMPACT Small Mutation	13:48954337	TRUE	TRUE	TRUE	TRUE
I-H-135466-T1-2-D1-1	IMPACT Small Mutation	16:81979830	TRUE	TRUE	TRUE	TRUE
I-H-135466-T1-2-D1-1	IMPACT Small Mutation	17:7578443	TRUE	TRUE	TRUE	TRUE
I-H-135467-T1-2-D1-1	IMPACT Small Mutation	2:29432664	TRUE	TRUE	TRUE	TRUE
IID_H195916_T01_01_WG01	IMPACT Small Mutation	17:7577539		TRUE	TRUE	TRUE
IID_H196232_T01_01_WG01	IMPACT Small Mutation	X:70360646	TRUE	TRUE	TRUE	TRUE
IID_H136633_T01_01_WG01	IMPACT Small Mutation	2:178098953	TRUE	TRUE	TRUE	TRUE
I-H-136375-T1-1-D1-1	IMPACT Small Mutation	16:72821283	TRUE	TRUE	TRUE	TRUE
IID_H158273_T01_01_WG01	IMPACT Small Mutation	16:2127672	TRUE	TRUE	TRUE	TRUE
I-H-134202-T1-2-D1-1	IMPACT Small Mutation	6:157470066			TRUE	TRUE
I-H-133673-T2-1-D1-1	IMPACT Small Mutation	9:139397637	TRUE	TRUE	TRUE	TRUE
IID_H158273_T01_01_WG01	IMPACT Small Mutation	X:76938358	TRUE	TRUE	TRUE	TRUE
I-H-135990-T1-1-D1-1	IMPACT Small Mutation	1:11303212	TRUE	TRUE	TRUE	TRUE
IID_H136648_T01_01_WG01	IMPACT Small Mutation	12:25378647	TRUE	TRUE	TRUE	TRUE
IID_H134738_T07_01_WG01	IMPACT Small Mutation	8:55371939		TRUE	TRUE	TRUE
IID_H135462_T02_01_WG01	IMPACT Small Mutation	7:6426879	TRUE	TRUE	TRUE	TRUE
I-H-135466-T1-2-D1-1	IMPACT Small Mutation	12:46285857	TRUE	TRUE	TRUE	TRUE
I-H-136425-T1-1-D1-1	IMPACT Small Mutation	1:115256529	TRUE	TRUE	TRUE	TRUE
IID_H159446_T01_01_WG01	IMPACT Small Mutation	4:41747902	TRUE	TRUE	TRUE	TRUE
I-H-135990-T1-1-D1-1	IMPACT Small Mutation	20:9543654	TRUE	TRUE	TRUE	TRUE
IID_H158183_T01_01_WG01	IMPACT Small Mutation	16:2131685		TRUE	TRUE	TRUE
IID_H159370_T01_01_WG01	IMPACT Small Mutation	8:90965531		TRUE	TRUE	TRUE
IID_H158919_T01_01_WG01	IMPACT Small Mutation	6:117708102	TRUE	TRUE	TRUE	TRUE
IID_H196231_T01_01_WG01	IMPACT Small Mutation	15:42003414	TRUE	TRUE	TRUE	TRUE
IID_H159446_T01_01_WG01	IMPACT Small Mutation	14:30132948	TRUE	TRUE	TRUE	TRUE
IID_H159446_T01_01_WG01	IMPACT Small Mutation	1:115273268	TRUE	TRUE	TRUE	TRUE
I-H-133675-T1-2-D1-1	IMPACT Small Mutation	4:55561764	TRUE	TRUE	TRUE	TRUE
IID_H195922_T01_01_WG01	IMPACT Small Mutation	2:158636934		TRUE	TRUE	TRUE
IID_H156407_T01_01_WG01	IMPACT Small Mutation	15:43714198	TRUE	TRUE	TRUE	TRUE
I-H-135466-T1-2-D1-1	IMPACT Small Mutation	12:49431721	TRUE	TRUE	TRUE	TRUE
I-H-133673-T2-1-D1-1	IMPACT Small Mutation	16:3808875	TRUE	TRUE	TRUE	TRUE
I-H-134753-T1-1-D1-1	IMPACT Small Mutation	22:24176339	TRUE	TRUE	TRUE	TRUE
I-H-135088-T1-2-D1-1	IMPACT Small Mutation	2:29443695		TRUE	TRUE	TRUE
I-H-133672-T1-2-D1-1	IMPACT Small Mutation	17:29665752	TRUE	TRUE	TRUE	TRUE
I-H-135073-T1-2-D1-1	IMPACT Small Mutation	11:108186757	TRUE	TRUE	TRUE	TRUE
IID_H136631_T01_01_WG01	IMPACT Small Mutation	22:24145588		TRUE	TRUE	TRUE
IID_H196227_T01_01_WG01	IMPACT Small Mutation	16:72831869		TRUE	TRUE	TRUE
IID_H196231_T01_01_WG01	IMPACT Small Mutation	8:70980609	TRUE	TRUE	TRUE	TRUE
IID_H195922_T01_01_WG01	IMPACT Small Mutation	6:117717425		TRUE	TRUE	TRUE
I-H-135387-T1-1-D1-1	IMPACT Small Mutation	8:90976730	TRUE	TRUE	TRUE	TRUE
I-H-136139-T1-1-D1-1	IMPACT Small Mutation	17:55693391		TRUE	TRUE	TRUE
IID_H195922_T01_01_WG01	IMPACT Small Mutation	17:78796972		TRUE	TRUE	TRUE
I-H-135089-T1-2-D1-1	IMPACT Small Mutation	X:76875919	TRUE	TRUE	TRUE	TRUE
I-H-136139-T1-1-D1-1	IMPACT Small Mutation	3:138426003		TRUE	TRUE	TRUE
I-H-134753-T1-1-D1-1	IMPACT Small Mutation	X:63411096	TRUE	TRUE	TRUE	TRUE
IID_H135462_T02_01_WG01	IMPACT Small Mutation	12:56495808	TRUE	TRUE	TRUE	TRUE
IID_H196231_T01_01_WG01	IMPACT Small Mutation	19:1220446	TRUE	TRUE	TRUE	TRUE
IID_H158184_T01_01_WG01	IMPACT Small Mutation	16:3779748		TRUE	TRUE	TRUE
IID_H195922_T01_01_WG01	IMPACT Small Mutation	20:62326263		TRUE	TRUE	TRUE
IID_H135462_T02_01_WG01	IMPACT Small Mutation	5:86676324	TRUE	TRUE	TRUE	TRUE
IID_H136633_T01_01_WG01	IMPACT Small Mutation	3:41266088	TRUE	TRUE	TRUE	TRUE
IID_H195989_T01_01_WG01	IMPACT Small Mutation	17:58740498	TRUE	TRUE	TRUE	TRUE
IID_H158919_T01_01_WG01	IMPACT Small Mutation	2:202149589	TRUE	TRUE	TRUE	TRUE
IID_H195922_T01_01_WG01	IMPACT Small Mutation	12:49432516		TRUE	TRUE	TRUE
I-H-135421-T1-2-D1-1	IMPACT Small Mutation	20:39751865	TRUE	TRUE	TRUE	TRUE
IID_H158223_T01_01_WG01	IMPACT Small Mutation	17:59770862		TRUE	TRUE	TRUE
IID_H195991_T01_01_WG01	IMPACT Small Mutation	1:45805944		TRUE	TRUE	TRUE
IID_H195990_T01_01_WG01	IMPACT Small Mutation	X:76875985		TRUE	TRUE	TRUE
IID_H195990_T01_01_WG01	IMPACT Small Mutation	11:85988128		TRUE	TRUE	TRUE
I-H-108333-T2-2-D1-1	IMPACT Small Mutation	3:178917478	TRUE	TRUE	TRUE	TRUE
IID_H195922_T01_01_WG01	IMPACT Small Mutation	12:417167		TRUE	TRUE	TRUE
IID_H134738_T07_01_WG01	IMPACT Small Mutation	20:40899060		TRUE	TRUE	TRUE
IID_H195922_T01_01_WG01	IMPACT Small Mutation	12:12871133		TRUE	TRUE	TRUE
I-H-135463-T1-2-D1-1	IMPACT Small Mutation	1:120458453		TRUE	TRUE	TRUE
IID_H196046_T01_01_WG01	IMPACT Small Mutation	X:76875980		TRUE	TRUE	TRUE
I-H-135073-T1-2-D1-1	IMPACT Small Mutation	2:16085893	TRUE	TRUE	TRUE	TRUE
IID_H134738_T07_01_WG01	IMPACT Small Mutation	6:138192627		TRUE	TRUE	TRUE
IID_H195922_T01_01_WG01	IMPACT Small Mutation	17:56772478		TRUE	TRUE	TRUE
I-H-134753-T1-1-D1-1	IMPACT Small Mutation	13:21563088	TRUE	TRUE	TRUE	TRUE
IID_H195922_T01_01_WG01	IMPACT Small Mutation	4:55161291		TRUE	TRUE	TRUE
IID_H135462_T02_01_WG01	IMPACT Small Mutation	4:55573382	TRUE	TRUE	TRUE	TRUE
IID_H195991_T01_01_WG01	IMPACT Small Mutation	6:29910765		TRUE	TRUE	TRUE
IID_H135462_T02_01_WG01	IMPACT Small Mutation	X:70344845	TRUE	TRUE	TRUE	TRUE
IID_H195992_T02_01_WG01	IMPACT Small Mutation	9:139564069		TRUE	TRUE	TRUE
I-H-135463-T1-2-D1-1	IMPACT Small Mutation	9:139400176		TRUE	TRUE	TRUE
IID_H135462_T02_01_WG01	IMPACT Small Mutation	4:106155964	TRUE	TRUE	TRUE	TRUE
I-H-135089-T1-2-D1-1	IMPACT Small Mutation	19:5244134	TRUE	TRUE	TRUE	TRUE
I-H-135089-T1-2-D1-1	IMPACT Small Mutation	7:140481402	TRUE	TRUE	TRUE	TRUE
IID_H195991_T01_01_WG01	IMPACT Small Mutation	X:123040996		TRUE	TRUE	TRUE
IID_H195991_T01_01_WG01	IMPACT Small Mutation	4:55971014		TRUE	TRUE	TRUE
IID_H195923_T01_01_WG01	IMPACT Small Mutation	2:48018171			TRUE	TRUE
I-H-136134-T1-1-D1-1	IMPACT Small Mutation	2:39278406	TRUE	TRUE	TRUE	TRUE
IID_H195922_T01_01_WG01	IMPACT Small Mutation	12:49435156		TRUE	TRUE	TRUE
I-H-135074-T1-2-D1-1	IMPACT Small Mutation	9:36840564		TRUE	TRUE	TRUE
I-H-135074-T1-2-D1-1	IMPACT Small Mutation	1:117699439		TRUE	TRUE	TRUE
IID_H135462_T02_01_WG01	IMPACT Small Mutation	X:70344991	TRUE	TRUE	TRUE	TRUE
I-H-134753-T1-1-D1-1	IMPACT Small Mutation	X:76920147	TRUE	TRUE	TRUE	TRUE
I-H-136062-T1-1-D1-1	IMPACT Small Mutation	5:1295170		TRUE	TRUE	TRUE
IID_H158917_T01_01_WG01	IMPACT Small Mutation	19:18271322	TRUE	TRUE	TRUE	TRUE
IID_H195923_T01_01_WG01	IMPACT Small Mutation	1:9776030			TRUE	TRUE
IID_H195923_T01_01_WG01	IMPACT Small Mutation	16:9858232			TRUE	TRUE
I-H-135066-T1-1-D1-1	IMPACT Small Mutation	22:24145576		TRUE	TRUE	TRUE
IID_H195923_T01_01_WG01	IMPACT Small Mutation	3:128204947			TRUE	TRUE
I-H-134733-T3-2-D1-1	IMPACT Small Mutation	19:15383847			TRUE	TRUE
I-H-136134-T1-1-D1-1	IMPACT Small Mutation	3:72864500	TRUE	TRUE	TRUE	TRUE
IID_H136433_T07_01_WG01	IMPACT Small Mutation	14:95560466		TRUE	TRUE	TRUE
I-H-135088-T1-2-D1-1	IMPACT Small Mutation	19:36224189		TRUE	TRUE	TRUE
IID_H135462_T02_01_WG01	IMPACT Small Mutation	22:29091782	TRUE	TRUE	TRUE	TRUE
I-H-135074-T1-2-D1-1	IMPACT Small Mutation	19:15355374		TRUE	TRUE	FALSE
I-H-135062-T1-1-D1-1	IMPACT Small Mutation	6:157099403		TRUE	TRUE	TRUE
IID_H135462_T02_01_WG01	IMPACT Small Mutation	16:23649216	TRUE	TRUE	TRUE	TRUE
IID_H159370_T01_01_WG01	IMPACT Small Mutation	4:55127295		TRUE	TRUE	TRUE
I-H-136083-T1-2-D1-1	IMPACT Small Mutation	1:9784902		TRUE	TRUE	TRUE
IID_H156407_T01_01_WG01	IMPACT Small Mutation	X:70356748	TRUE	TRUE	TRUE	TRUE
IID_H159153_T01_01_WG01	IMPACT Small Mutation	20:62321727	TRUE	TRUE	TRUE	FALSE
IID_H195922_T01_01_WG01	IMPACT Small Mutation	1:9783216		TRUE	TRUE	FALSE
IID_H156409_T01_01_WG01	IMPACT Small Mutation	16:3778737		TRUE	TRUE	FALSE
IID_H135462_T02_01_WG01	IMPACT Small Mutation	16:3779700	TRUE	TRUE	FALSE	FALSE
IID_H136631_T01_01_WG01	IMPACT Small Mutation	6:106553090		TRUE	FALSE	FALSE
IID_H135462_T02_01_WG01	IMPACT Small Mutation	12:49448692	TRUE	TRUE	TRUE	TRUE
I-H-136424-T1-1-D1-1	IMPACT Small Mutation	17:78897301	TRUE	FALSE	FALSE	FALSE
I-H-135463-T1-2-D1-1	IMPACT Small Mutation	4:66356429		TRUE	TRUE	FALSE
I-H-133675-T1-2-D1-1	IMPACT Small Mutation	17:7577145	FALSE	FALSE	FALSE	FALSE
IID_H136631_T01_01_WG01	IMPACT Small Mutation	16:3658506		TRUE	TRUE	FALSE